Label,Image URI,Plate Number,Provider
Plate Number 224.,https://ids.si.edu/ids/iiif/NMAH-AHB2018q007304/info.json,224,Smithsonian Institution
Plate Number 225.,https://ids.si.edu/ids/iiif/NMAH-AHB2018q007307/info.json,225,Smithsonian Institution
Plate Number 226.,https://ids.si.edu/ids/iiif/NMAH-AHB2018q007308/info.json,226,Smithsonian Institution
Plate Number 235.,https://ids.si.edu/ids/iiif/NMAH-AHB2018q007318/info.json,235,Smithsonian Institution
Plate Number 238.,https://ids.si.edu/ids/iiif/NMAH-AHB2018q007322/info.json,238,Smithsonian Institution
Plate Number 247.,https://ids.si.edu/ids/iiif/NMAH-AHB2018q007331/info.json,247,Smithsonian Institution
Plate Number 254.,https://ids.si.edu/ids/iiif/NMAH-AHB2018q007338/info.json,254,Smithsonian Institution
Plate Number 255.,https://ids.si.edu/ids/iiif/NMAH-AHB2018q007339/info.json,255,Smithsonian Institution
Plate Number 262.,https://ids.si.edu/ids/iiif/NMAH-AHB2018q007347/info.json,262,Smithsonian Institution
Plate Number 264.,https://ids.si.edu/ids/iiif/NMAH-AHB2018q007350/info.json,264,Smithsonian Institution
Plate Number 304.,https://ids.si.edu/ids/iiif/NMAH-AHB2018q007552/info.json,304,Smithsonian Institution
Plate Number 367.,https://iiif.digitalcommonwealth.org/iiif/2/commonwealth:70796085j/info.json,367,Boston Public Library
Plate Number 402.,https://ids.si.edu/ids/iiif/NMAH-AHB2018q007560/info.json,402,Smithsonian Institution
Plate Number 407.,https://ids.si.edu/ids/iiif/NMAH-AHB2018q007564/info.json,407,Smithsonian Institution
Plate Number 409.,https://ids.si.edu/ids/iiif/NMAH-AHB2018q007567/info.json,409,Smithsonian Institution
Plate Number 411.,https://ids.si.edu/ids/iiif/NMAH-AHB2018q007569/info.json,411,Smithsonian Institution
Plate Number 412.,https://ids.si.edu/ids/iiif/NMAH-AHB2018q007570/info.json,412,Smithsonian Institution
Plate Number 413.,https://ids.si.edu/ids/iiif/NMAH-AHB2018q007571/info.json,413,Smithsonian Institution
Plate Number 415.,https://ids.si.edu/ids/iiif/NMAH-AHB2018q007573/info.json,415,Smithsonian Institution
Plate Number 419.,https://ids.si.edu/ids/iiif/NMAH-AHB2018q007577/info.json,419,Smithsonian Institution
Plate Number 425.,https://ids.si.edu/ids/iiif/NMAH-AHB2018q007583/info.json,425,Smithsonian Institution
Plate Number 427.,https://ids.si.edu/ids/iiif/NMAH-AHB2018q007585/info.json,427,Smithsonian Institution
Plate Number 429.,https://ids.si.edu/ids/iiif/NMAH-AHB2018q007587/info.json,429,Smithsonian Institution
Plate Number 432.,https://ids.si.edu/ids/iiif/NMAH-AHB2018q007589/info.json,432,Smithsonian Institution
Plate Number 436.,https://ids.si.edu/ids/iiif/NMAH-AHB2018q007593/info.json,436,Smithsonian Institution
Plate Number 440.,https://ids.si.edu/ids/iiif/NMAH-AHB2018q007596/info.json,440,Smithsonian Institution
Plate Number 442.,https://ids.si.edu/ids/iiif/NMAH-AHB2018q007599/info.json,442,Smithsonian Institution
Plate Number 448.,https://ids.si.edu/ids/iiif/NMAH-AHB2018q007606/info.json,448,Smithsonian Institution
Plate Number 450.,https://ids.si.edu/ids/iiif/NMAH-AHB2018q007610/info.json,450,Smithsonian Institution
Plate Number 452.,https://ids.si.edu/ids/iiif/NMAH-AHB2018q007612/info.json,452,Smithsonian Institution
Plate Number 453.,https://ids.si.edu/ids/iiif/NMAH-AHB2018q007613/info.json,453,Smithsonian Institution
Plate Number 482.,https://ids.si.edu/ids/iiif/NMAH-AHB2018q007653/info.json,482,Smithsonian Institution
Plate Number 493.,https://ids.si.edu/ids/iiif/NMAH-AHB2018q007665/info.json,493,Smithsonian Institution
Plate Number 500.,https://ids.si.edu/ids/iiif/NMAH-AHB2018q007714/info.json,500,Smithsonian Institution
Plate Number 526.,https://ids.si.edu/ids/iiif/NMAH-AHB2018q007743/info.json,526,Smithsonian Institution
Plate Number 528.,https://ids.si.edu/ids/iiif/NMAH-AHB2018q007746/info.json,528,Smithsonian Institution
Plate Number 537.,https://ids.si.edu/ids/iiif/NMAH-AHB2018q007759/info.json,537,Smithsonian Institution
Plate Number 547.,https://ids.si.edu/ids/iiif/NMAH-AHB2018q007769/info.json,547,Smithsonian Institution
Plate Number 551.,https://ids.si.edu/ids/iiif/NMAH-AHB2018q007773/info.json,551,Smithsonian Institution
Plate Number 552.,https://ids.si.edu/ids/iiif/NMAH-AHB2018q007774/info.json,552,Smithsonian Institution
Plate Number 554.,https://ids.si.edu/ids/iiif/NMAH-AHB2018q007776/info.json,554,Smithsonian Institution
Plate Number 558.,https://ids.si.edu/ids/iiif/NMAH-AHB2018q007780/info.json,558,Smithsonian Institution
Plate Number 560.,https://ids.si.edu/ids/iiif/NMAH-AHB2018q007782/info.json,560,Smithsonian Institution
Plate Number 658.,https://ids.si.edu/ids/iiif/NMAH-AHB2018q102122/info.json,658,Smithsonian Institution
Plate Number 659.,https://ids.si.edu/ids/iiif/NMAH-AHB2018q102127/info.json,659,Smithsonian Institution
Plate Number 660.,https://ids.si.edu/ids/iiif/NMAH-AHB2018q102131/info.json,660,Smithsonian Institution
Plate Number 662.,https://ids.si.edu/ids/iiif/NMAH-AHB2018q102138/info.json,662,Smithsonian Institution
Plate Number 663.,https://iiif.digitalcommonwealth.org/iiif/2/commonwealth:70796901c/info.json,663,Boston Public Library
Plate Number 664.,https://ids.si.edu/ids/iiif/NMAH-AHB2018q102142/info.json,664,Smithsonian Institution
Plate Number 666.,https://ids.si.edu/ids/iiif/NMAH-AHB2018q102149/info.json,666,Smithsonian Institution
Plate Number 675.,https://ids.si.edu/ids/iiif/NMAH-AHB2018q102176/info.json,675,Smithsonian Institution
Plate Number 678.,https://ids.si.edu/ids/iiif/NMAH-AHB2018q102184/info.json,678,Smithsonian Institution
Plate Number 703.,https://ids.si.edu/ids/iiif/NMAH-AHB2018q007924/info.json,703,Smithsonian Institution
Plate Number 704.,https://ids.si.edu/ids/iiif/NMAH-AHB2018q007926/info.json,704,Smithsonian Institution
Plate Number 708.,https://ids.si.edu/ids/iiif/NMAH-AHB2018q007930/info.json,708,Smithsonian Institution
Plate Number 709.,https://ids.si.edu/ids/iiif/NMAH-AHB2018q007931/info.json,709,Smithsonian Institution
Plate Number 711.,https://ids.si.edu/ids/iiif/NMAH-AHB2018q007933/info.json,711,Smithsonian Institution
Plate Number 717.,https://ids.si.edu/ids/iiif/NMAH-AHB2018q007937/info.json,717,Smithsonian Institution
Plate Number 719.,https://ids.si.edu/ids/iiif/NMAH-AHB2018q007938/info.json,719,Smithsonian Institution
