Label,Image URI,Plate Number,Object ID,IIIF,Note,,,,,Provider,Manifest
Plate Number 224. Missing,,224,,Yes,https://www.si.edu/object/animal-locomotion-plate-224%3Anmah_1889458,,,,,Smithsonian,https://ids.si.edu/ids/manifest/NMAH-AHB2018q007304
Plate Number 225. Missing,,225,,Yes,https://www.si.edu/object/animal-locomotion-plate-225%3Anmah_1889461,,,,,Smithsonian,https://ids.si.edu/ids/manifest/NMAH-AHB2018q007307
Plate Number 226. Missing,,226,,Yes,https://www.americanhistory.si.edu/pt/collections/object/nmah_1889462,,,,,Smithsonian,https://ids.si.edu/ids/manifest/NMAH-AHB2018q007308
Plate Number 235. Missing,,235,,Yes,https://www.si.edu/object/animal-locomotion-plate-235%3Anmah_1889472,,,,,Smithsonian,https://ids.si.edu/ids/manifest/NMAH-AHB2018q007318
Plate Number 238. Missing,,238,,Yes,https://www.si.edu/object/animal-locomotion-plate-238%3Anmah_1889476,,,,,Smithsonian,https://ids.si.edu/ids/manifest/NMAH-AHB2018q007322
Plate Number 247. Missing,,247,,Yes,https://www.si.edu/object/animal-locomotion-plate-247:nmah_1889485,,,,,Smithsonian,https://ids.si.edu/ids/manifest/NMAH-AHB2018q007331
Plate Number 254. Missing,,254,,Yes,https://www.si.edu/object/animal-locomotion-plate-254:nmah_1889492,,,,,Smithsonian,https://ids.si.edu/ids/manifest/NMAH-AHB2018q007338
Plate Number 255. Missing,,255,,Yes,https://www.si.edu/object/animal-locomotion-plate-255:nmah_1889493,,,,,Smithsonian,https://ids.si.edu/ids/manifest/NMAH-AHB2018q007339
Plate Number 262. Missing,,262,,Yes,https://www.si.edu/object/animal-locomotion-plate-262:nmah_1889501,,,,,Smithsonian,https://ids.si.edu/ids/manifest/NMAH-AHB2018q007347
Plate Number 264. Missing,,264,,Yes,https://www.si.edu/object/animal-locomotion-plate-264:nmah_1889504,,,,,Smithsonian,https://ids.si.edu/ids/manifest/NMAH-AHB2018q007350
Plate Number 304. Missing,,304,,Yes,https://americanhistory.si.edu/collections/object/nmah_1889566,,,,,Smithsonian,https://ids.si.edu/ids/manifest/NMAH-AHB2018q007552
Plate Number 367. Missing,,367,,Yes,https://www.digitalcommonwealth.org/search/commonwealth:707960848,,,,,Smithsonian,https://www.digitalcommonwealth.org/search/commonwealth:707960848/manifest
Plate Number 402. Missing,,402,,Yes,https://www.si.edu/object/animal-locomotion-plate-402:nmah_1890057,,,,,Smithsonian,https://ids.si.edu/ids/manifest/NMAH-AHB2018q007560
Plate Number 407. Missing,,407,,Yes,https://www.si.edu/object/animal-locomotion-plate-407:nmah_1890061,,,,,Smithsonian,https://ids.si.edu/ids/manifest/NMAH-AHB2018q007564
Plate Number 409. Missing,,409,,Yes,https://www.si.edu/object/animal-locomotion-plate-409:nmah_1890064,,,,,Smithsonian,https://ids.si.edu/ids/manifest/NMAH-AHB2018q007567
Plate Number 411. Missing,,411,,Yes,https://www.si.edu/object/animal-locomotion-plate-411:nmah_1890066,,,,,Smithsonian,https://ids.si.edu/ids/manifest/NMAH-AHB2018q007569
Plate Number 412. Missing,,412,,Yes,https://www.si.edu/object/animal-locomotion-plate-412:nmah_1890067,,,,,Smithsonian,https://ids.si.edu/ids/manifest/NMAH-AHB2018q007570
Plate Number 413. Missing,,413,,Yes,https://www.si.edu/object/animal-locomotion-plate-413:nmah_1890068,,,,,Smithsonian,https://ids.si.edu/ids/manifest/NMAH-AHB2018q007571
Plate Number 415. Missing,,415,,Yes,https://www.si.edu/object/animal-locomotion-plate-415:nmah_1890070,,,,,Smithsonian,https://ids.si.edu/ids/manifest/NMAH-AHB2018q007573
Plate Number 419. Missing,,419,,Yes,https://www.si.edu/object/animal-locomotion-plate-419:nmah_1890074,,,,,Smithsonian,https://ids.si.edu/ids/manifest/NMAH-AHB2018q007577
Plate Number 425. Missing,,425,,Yes,https://www.si.edu/object/animal-locomotion-plate-425:nmah_1890080,,,,,Smithsonian,https://ids.si.edu/ids/manifest/NMAH-AHB2018q007583
Plate Number 427. Missing,,427,,Yes,https://www.si.edu/object/animal-locomotion-plate-427:nmah_1890082,,,,,Smithsonian,https://ids.si.edu/ids/manifest/NMAH-AHB2018q007585
Plate Number 429. Missing,,429,,Yes,https://www.si.edu/object/animal-locomotion-plate-429:nmah_1890084,,,,,Smithsonian,https://ids.si.edu/ids/manifest/NMAH-AHB2018q007587
Plate Number 432. Missing,,432,,Yes,https://www.si.edu/object/animal-locomotion-plate-432:nmah_1890086,,,,,Smithsonian,https://ids.si.edu/ids/manifest/NMAH-AHB2018q007589
Plate Number 436. Missing,,436,,Yes,https://www.si.edu/object/animal-locomotion-plate-436:nmah_1890090,,,,,Smithsonian,https://ids.si.edu/ids/manifest/NMAH-AHB2018q007593
Plate Number 440. Missing,,440,,Yes,https://www.si.edu/object/animal-locomotion-plate-440:nmah_1890093,,,,,Smithsonian,https://ids.si.edu/ids/manifest/NMAH-AHB2018q007596
Plate Number 442. Missing,,442,,Yes,https://www.si.edu/object/animal-locomotion-plate-442:nmah_1890096,,,,,Smithsonian,https://ids.si.edu/ids/manifest/NMAH-AHB2018q007599
Plate Number 448. Missing,,448,,Yes,https://www.si.edu/object/animal-locomotion-plate-448:nmah_1890103,,,,,Smithsonian,https://ids.si.edu/ids/manifest/NMAH-AHB2018q007606
Plate Number 450. Missing,,450,,Yes,https://www.si.edu/object/animal-locomotion-plate-450:nmah_1890107,,,,,Smithsonian,https://ids.si.edu/ids/manifest/NMAH-AHB2018q007610
Plate Number 452. Missing,,452,,Yes,https://www.si.edu/object/animal-locomotion-plate-452:nmah_1890109,,,,,Smithsonian,https://ids.si.edu/ids/manifest/NMAH-AHB2018q007612
Plate Number 453. Missing,,453,,Yes,https://www.si.edu/object/animal-locomotion-plate-453:nmah_1890110,,,,,Smithsonian,https://ids.si.edu/ids/manifest/NMAH-AHB2018q007613
Plate Number 482. Missing,,482,,Yes,https://www.si.edu/object/animal-locomotion-plate-482:nmah_1890148,,,,,Smithsonian,https://ids.si.edu/ids/manifest/NMAH-AHB2018q007653
Plate Number 493. Missing,,493,,Yes,https://www.si.edu/object/animal-locomotion-plate-493:nmah_1890160,,,,,Smithsonian,https://ids.si.edu/ids/manifest/NMAH-AHB2018q007665
Plate Number 500. Missing,,500,,Yes,https://www.si.edu/object/animal-locomotion-plate-500:nmah_1890174,,,,,Smithsonian,https://ids.si.edu/ids/manifest/NMAH-AHB2018q007714
Plate Number 526. Missing,,526,,Yes,https://www.si.edu/object/animal-locomotion-plate-526:nmah_1890202,,,,,Smithsonian,https://ids.si.edu/ids/manifest/NMAH-AHB2018q007743
Plate Number 528. Missing,,528,,Yes,https://www.si.edu/object/animal-locomotion-plate-528:nmah_1890205,,,,,Smithsonian,https://ids.si.edu/ids/manifest/NMAH-AHB2018q007746
Plate Number 537. Missing,,537,,Yes,https://www.si.edu/object/animal-locomotion-plate-537:nmah_1890218,,,,,Smithsonian,https://ids.si.edu/ids/manifest/NMAH-AHB2018q007759
Plate Number 547. Missing,,547,,Yes,https://www.si.edu/object/animal-locomotion-plate-547:nmah_1890228,,,,,Smithsonian,https://ids.si.edu/ids/manifest/NMAH-AHB2018q007769
Plate Number 551. Missing,,551,,Yes,https://www.si.edu/object/animal-locomotion-plate-551:nmah_1890232,,,,,Smithsonian,https://ids.si.edu/ids/manifest/NMAH-AHB2018q007773
Plate Number 552. Missing,,552,,Yes,https://www.si.edu/object/animal-locomotion-plate-552:nmah_1890233,,,,,Smithsonian,https://ids.si.edu/ids/manifest/NMAH-AHB2018q007774
Plate Number 554. Missing,,554,,Yes,https://www.si.edu/object/animal-locomotion-plate-554:nmah_1890235,,,,,Smithsonian,https://ids.si.edu/ids/manifest/NMAH-AHB2018q007776
Plate Number 558. Missing,,558,,Yes,https://www.si.edu/object/animal-locomotion-plate-558:nmah_1890239,,,,,Smithsonian,https://ids.si.edu/ids/manifest/NMAH-AHB2018q007780
Plate Number 560. Missing,,560,,Yes,https://www.si.edu/object/animal-locomotion-plate-560:nmah_1890241,,,,,Smithsonian,https://ids.si.edu/ids/manifest/NMAH-AHB2018q007782
Plate Number 658. Missing,,658,,Yes,https://www.si.edu/object/animal-locomotion-plate-658:nmah_1892159,,,,,Smithsonian,https://ids.si.edu/ids/manifest/NMAH-AHB2018q102122
Plate Number 659. Missing,,659,,Yes,https://www.si.edu/object/animal-locomotion-plate-659:nmah_1892164,,,,,Smithsonian,https://ids.si.edu/ids/manifest/NMAH-AHB2018q102127
Plate Number 660. Missing,,660,,Yes,https://www.si.edu/object/animal-locomotion-plate-660:nmah_1892168,,,,,Smithsonian,https://ids.si.edu/ids/manifest/NMAH-AHB2018q102131
Plate Number 662. Missing,,662,,Yes,https://www.si.edu/object/animal-locomotion-plate-662:nmah_1892175,,,,,Smithsonian,https://ids.si.edu/ids/manifest/NMAH-AHB2018q102138
Plate Number 663. Missing,,663,,Yes,https://www.digitalcommonwealth.org/search/commonwealth:707969003,,,,,BPL/Digital Commonwealth,https://www.digitalcommonwealth.org/search/commonwealth:707969003/manifest
Plate Number 664. Missing,,664,,Yes,https://www.si.edu/object/animal-locomotion-plate-664:nmah_1892179,,,,,Smithsonian,https://ids.si.edu/ids/manifest/NMAH-AHB2018q102142
Plate Number 666. Missing,,666,,Yes,https://www.si.edu/object/animal-locomotion-plate-666:nmah_1892186,,,,,Smithsonian,https://ids.si.edu/ids/manifest/NMAH-AHB2018q102149
Plate Number 675. Missing,,675,,Yes,https://www.si.edu/object/animal-locomotion-plate-675:nmah_1892213,,,,,Smithsonian,https://ids.si.edu/ids/manifest/NMAH-AHB2018q102176
Plate Number 678. Missing,,678,,Yes,https://www.si.edu/object/animal-locomotion-plate-678:nmah_1892222,,,,,Smithsonian,https://ids.si.edu/ids/manifest/NMAH-AHB2018q102184
Plate Number 703. Missing,,703,,Yes,https://www.si.edu/object/animal-locomotion-plate-703:nmah_1894503,,,,,Smithsonian,https://ids.si.edu/ids/manifest/NMAH-AHB2018q007924
Plate Number 704. Missing,,704,,Yes,https://www.si.edu/object/animal-locomotion-plate-704:nmah_1894469,,,,,Smithsonian,https://ids.si.edu/ids/manifest/NMAH-AHB2018q007926
Plate Number 708. Missing,,708,,Yes,https://www.si.edu/object/animal-locomotion-plate-708:nmah_1894470,,,,,Smithsonian,https://ids.si.edu/ids/manifest/NMAH-AHB2018q007930
Plate Number 709. Missing,,709,,Yes,https://www.si.edu/object/animal-locomotion-plate-709:nmah_1894511,,,,,Smithsonian,https://ids.si.edu/ids/manifest/NMAH-AHB2018q007931
Plate Number 711. Missing,,711,,Yes,https://www.si.edu/object/animal-locomotion-plate-711:nmah_1894472,,,,,Smithsonian,https://ids.si.edu/ids/manifest/NMAH-AHB2018q007933
Plate Number 717. Missing,,717,,Yes,https://www.si.edu/object/animal-locomotion-plate-717:nmah_1894474,,,,,Smithsonian,https://ids.si.edu/ids/manifest/NMAH-AHB2018q007937
Plate Number 719. Missing,,719,,Yes,https://www.si.edu/object/animal-locomotion-plate-719:nmah_1894475,,,,,Smithsonian,https://ids.si.edu/ids/manifest/NMAH-AHB2018q007938